studentId,name,learningStyle,socialEngagementScore,num_loved,num_disliked,shannonEntropy,persistentLouvainId,betweenness,pageRank
S0008,Esengün Ülker Yaman,Reading/Writing,0.1772703794727445,10,25,3.1699250014423126,5,0.0017178128509467,0.0049162215775959
S0011,Akınal Şener,Visual,0.5434668040445325,5,25,2.251629167387823,7,0.0031588651773553,0.0034815071912796
S0015,Lutfi Öztek Manço,Reading/Writing,0.1343761410948502,11,25,3.5465935642949393,7,0.0018800718756448,0.0068289650037112
S0024,Havali Arslan,Visual,0.3055023511983207,2,25,2.321928094887362,7,0.0035962050792555,0.0030793317362988
S0043,Urhan Karadeniz,Visual,0.5434537469656785,6,25,2.584962500721156,5,0.0017484585448396,0.0035708191565636
S0045,Bilgen Hançer,Kinaesthetic,0.2356865066312642,3,25,1.5219280948873626,5,0.0008641405883183,0.0022686882798272
S0047,Özel Merdi Çetin,Mixed,0.1525833147039861,0,25,1.9219280948873625,5,0.0021653806319271,0.0026767821486848
