studentId,name,learningStyle,socialEngagementScore,num_loved,num_disliked,shannonEntropy,persistentLouvainId,betweenness,pageRank
S0205,Remazan Duran,Audio,0.0172791270801268,0,0,1.5,0,0.0012827521450583,0.0018598109018388
S0177,Hüda Nasiba Tarhan Yüksel,Visual,0.0293922497739453,0,10,2.0,1,0.0041184631010927,0.0023573919967032
S0072,Kader Hanbiken Şama,Audio,0.0343986220052017,5,15,2.251629167387823,0,0.0007617487650363,0.0030679034979138
S0034,Zeride Sezer,Kinaesthetic,0.0443858001226033,1,15,1.9219280948873625,7,0.0019606160569635,0.0027238128071864
S0081,Kocabaş İhsanoğlu,Reading/Writing,0.0467688349727268,7,0,3.0,0,0.0043376473864811,0.0045243280072393
S0169,Peren Dursadiye Şama,Visual,0.0492709683183529,0,25,3.0,1,0.0026115267683747,0.0048521659830802
S0204,Bilginur Akça Akdeniz,Kinaesthetic,0.0552063959733059,2,15,1.584962500721156,1,0.0021854235702107,0.0021748039561718
