studentId,name,learningStyle,socialEngagementScore,num_loved,num_disliked,shannonEntropy,persistentLouvainId,betweenness,pageRank
S0173,Akver Yılmaz,Audio,0.4820942894903152,15,5,3.321928094887362,6,0.0024013010902316,0.0059452808796543
S0179,Ulakbey Zengin,Audio,0.2201991781916555,15,0,3.807354922057604,7,0.0010719071439512,0.0083469991615762
S0230,Tarancı Demirel,Kinaesthetic,0.4675748017124985,15,5,3.4594316186372978,0,0.0023731058166862,0.0059010125257059
S0120,Gülzadiye Hurican Eraslan Yüksel,Audio,0.3148546559271867,14,10,3.521640636343318,0,0.0021257927274484,0.0064937829896502
S0029,Gökçebalan Sümeyye Kısakürek,Reading/Writing,0.1863395045288195,13,10,3.321928094887362,6,0.0015076601230698,0.0061408666553099
S0036,Taçnur Sedife Demirel,Visual,0.2110033201581862,13,5,3.0,1,0.0026526913419333,0.0041448273222299
S0041,Abdülhadi Çorlu,Mixed,0.0768480808098209,13,0,3.584962500721157,1,0.0025170005685281,0.0065759927486619
