studentId,name,learningStyle,socialEngagementScore,num_loved,num_disliked,shannonEntropy,persistentLouvainId,betweenness,pageRank
S0068,Uzsoy Hançer,Audio,0.8014732049023443,6,5,2.807354922057605,5,0.0049546991143023,0.0044445012425019
S0194,İntihap Kibar Kısakürek,Audio,0.7239031844967967,3,15,2.321928094887362,5,0.0042380625458182,0.0032478851786762
S0168,Koçkan Manço,Audio,0.6909271687966831,11,25,3.1699250014423126,6,0.0019933343425517,0.0051953602639938
S0038,Aysoy Bilgin,Mixed,0.6522422663601021,2,10,1.5,7,0.0046498475539311,0.0023008641374747
S0114,Yigit Müslum Şensoy,Audio,0.6463769483914986,0,15,3.238901256602631,6,0.0024978365589971,0.0059235909663017
S0190,Mujde Korutürk,Reading/Writing,0.6157519764816631,2,20,1.9219280948873625,0,0.0039967811030396,0.002640903580541
S0248,Mahir Güçlü,Visual,0.601389322500987,4,5,2.251629167387823,6,0.0023152298321512,0.0034035557746534
