studentId,name,learningStyle,socialEngagementScore,num_loved,num_disliked,shannonEntropy,persistentLouvainId,betweenness,pageRank
S0179,Ulakbey Zengin,Audio,0.2201991781916555,15,0,3.807354922057604,7,0.0010719071439512,0.0083469991615762
S0077,Gözem Akar Akçay,Audio,0.4595064072499053,13,20,3.700439718141093,0,0.0012696350027054,0.0069449293094611
S0095,Şehreban Arslan Öcalan,Kinaesthetic,0.3257956107307605,0,0,3.664497779200461,0,0.0025704118366285,0.0070444435953244
S0207,Hudavent Muratcan Şensoy Fırat,Visual,0.2667449952728772,0,0,3.640223928941852,6,0.002774989299201,0.0072814461055578
S0041,Abdülhadi Çorlu,Mixed,0.0768480808098209,13,0,3.584962500721157,1,0.0025170005685281,0.0065759927486619
S0015,Lutfi Öztek Manço,Reading/Writing,0.1343761410948502,11,25,3.5465935642949393,7,0.0018800718756448,0.0068289650037112
S0040,Övün Ümmühan Soylu,Kinaesthetic,0.0694242954698856,10,0,3.5465935642949393,5,0.0021272624764687,0.0063510199838647
