studentId,name,learningStyle,socialEngagementScore,num_loved,num_disliked,shannonEntropy,persistentLouvainId,betweenness,pageRank
S0135,Ufukay Akar,Kinaesthetic,0.0596894752708395,0,5,2.0,1,0.0078456040060417,0.0027863070862638
S0055,Belgizar Aksu Erdoğan,Visual,0.4613858274628866,0,0,2.584962500721156,1,0.0076704408062043,0.0035604428962277
S0111,Saire Bilgin Aslan,Audio,0.0714033686941217,1,0,2.251629167387823,5,0.0067610417974935,0.0030211821265915
S0191,Urhan Kısakürek,Audio,0.3073799210471541,0,0,2.521640636343319,0,0.006699585004095,0.0036749636552715
S0234,Andiç Sakarya,Kinaesthetic,0.2287323521569573,0,15,2.321928094887362,0,0.0064098992583934,0.0032502280920165
S0096,Sedife Dumanlı Zengin,Mixed,0.4434878606676832,2,5,1.9219280948873625,0,0.0063429747418813,0.0026791003203129
S0142,Sadat Cabir Durdu,Kinaesthetic,0.1813428850517404,0,5,3.121928094887362,0,0.006005716442813,0.0049679633151356
