studentId,name,learningStyle,socialEngagementScore,num_loved,num_disliked,shannonEntropy,persistentLouvainId,betweenness,pageRank
S0135,Ufukay Akar,Kinaesthetic,0.0596894752708395,0,5,2.0,1,0.0050560789720896,0.0031470744619076
S0055,Belgizar Aksu Erdoğan,Visual,0.4613858274628866,0,0,2.584962500721156,1,0.0069583864983698,0.0041505338788985
S0111,Saire Bilgin Aslan,Audio,0.0714033686941217,1,0,2.321928094887362,1,0.0054453740774784,0.0034595277924933
S0191,Urhan Kısakürek,Audio,0.3073799210471541,0,0,2.521640636343318,0,0.0058575990444393,0.0043602433648492
S0234,Andiç Sakarya,Kinaesthetic,0.2287323521569573,0,15,2.321928094887362,0,0.0061120738254379,0.0037652382332025
S0096,Sedife Dumanlı Zengin,Mixed,0.4434878606676832,2,5,2.0,2,0.004383049304981,0.0031045726997555
S0142,Sadat Cabir Durdu,Kinaesthetic,0.1813428850517404,0,5,3.121928094887363,0,0.005877515524523,0.00590947347642
