studentId,name,learningStyle,socialEngagementScore,num_loved,num_disliked,shannonEntropy,persistentLouvainId,betweenness,pageRank
S0007,Mesude Bilge,Reading/Writing,0.5098966417920571,1,20,0.0,2,0.0005715615414418,0.0012875359010092
S0012,Canur Arslan Hayrioğlu,Kinaesthetic,0.0847637629426502,1,5,0.0,0,0.0002648283820326,0.0010870500955998
S0019,Akise Kandef Yılmaz Akgündüz,Audio,0.1658104012585459,1,5,0.0,0,0.0003562521120257,0.0011243993686147
S0039,Okyalaz Eraslan,Kinaesthetic,0.1622660260567806,1,20,0.0,4,0.0003910641536773,0.0012167145209477
S0175,Atasagun Öcalan,Audio,0.4916099383257625,1,0,0.0,2,0.0003803220980433,0.0011790379774633
S0186,Akboğa Yüksel,Kinaesthetic,0.1713624183536283,2,15,0.0,1,0.0005742447336613,0.0013108176295602
S0189,Irıs Sadeti Şensoy Dumanlı,Kinaesthetic,0.4659217194194351,0,10,0.9182958340544894,1,0.0018807671256911,0.0018830156271716
