studentId,name,learningStyle,socialEngagementScore,num_loved,num_disliked,shannonEntropy,persistentLouvainId,betweenness,pageRank
S0007,Mesude Bilge,Reading/Writing,0.5098966417920571,1,20,0.0,6,0.0011770121429743,0.0011776688469955
S0012,Canur Arslan Hayrioğlu,Kinaesthetic,0.0847637629426502,1,5,0.0,0,0.0005502831498294,0.0010401492558536
S0019,Akise Kandef Yılmaz Akgündüz,Audio,0.1658104012585459,1,5,0.0,6,0.0006342864506323,0.001043465621943
S0039,Okyalaz Eraslan,Kinaesthetic,0.1622660260567806,1,20,0.0,5,0.0007252116305862,0.0010929237380871
S0175,Atasagun Öcalan,Audio,0.4916099383257625,1,0,0.0,6,0.000802675379524,0.0010723806854222
S0186,Akboğa Yüksel,Kinaesthetic,0.1713624183536283,2,15,0.9182958340544894,1,0.0026566688561917,0.0015734032064339
S0189,Irıs Sadeti Şensoy Dumanlı,Kinaesthetic,0.4659217194194351,0,10,0.9182958340544894,1,0.0027954355008133,0.0016312582430583
